tf,tf_motif_seq,tf_genes,predicted_motif_seqs
AphA,TATACATTTAATATTCGCC,"['VCA0952', ' VCA0953']",ATTCTCATTTTTGAGAATG
AphB,TGGAAATCAATATTTCA,"['VCA0526', ' VCA0527']",GATGGAAAGCTAGTTTTCAACAATG
CRP,AAGAGTGATAAATATCAATTAT,"['VCA1045', ' VCA1046', ' mtlR  (VCA1047)', ' VCA1043', ' VCA1042', ' VCA1044', ' VCA1048']",ATTGGTCAACCAA
CRP,AAACATGACACAGGTCACACTA,"['VCA1045', ' VCA1046', ' mtlR  (VCA1047)', ' VCA1044', ' VCA1043', ' VCA1042', ' VCA1048']",ATTGGTCAACCAA
CRP,AAACGAGATTTACATCAACTTA,"['VCA1045', ' VCA1046', ' mtlR  (VCA1047)', ' VCA1044', ' VCA1043', ' VCA1042', ' VCA1048']",ATTGGTCAACCAA
CRP,AAAGTTGAAATAGATCACCATA,"['VCA1045', ' VCA1046', ' mtlR  (VCA1047)', ' VCA1044', ' VCA1043', ' VCA1042', ' VCA1048']",ATTGGTCAACCAA
CRP,TTTAGCGACGTAAGTCACAAAA,"['VCA1045', ' VCA1046', ' mtlR  (VCA1047)', ' VCA1044', ' VCA1043', ' VCA1042', ' VCA1048']",ATTGGTCAACCAA
Fur,CAAATGATAATTGATCTTATT,"['VCA0063', ' VCA0062', ' VCA0061', ' VCA0060', ' VCA0064', ' VCA0065', ' VCA0066', ' VCA0067']","AAAATAATGGAGTAAATTCACGCCAA, AACGATAATGAGATCAATTATCATTT, AAAACAATTCCAA"
Fur,CAAATGATAGCAATTATCATT,"['VCA0576', ' VCA0575', ' VCA0574']","AATGATAGTAATTATCATTTAGATC, CCATAATAGGCAACAACAACGGGCGG, TCTGTTATTGTGATTAAAGTCACATT, CTGATAACTAAAGACTAG, AAGGTATTGAAGCC"
Fur,TGTTTAAGAGTGATTCGCAAC,"['VCA0354', ' VCA0355']",GAATCTCTACCCATGGCATTTTCAGT
Fur,GATAATTGATCTTATTTAG,"['VCA0063', ' VCA0062', ' VCA0061', ' VCA0060', ' VCA0064', ' VCA0065', ' VCA0066', ' VCA0067', ' VCA0068', ' VCA0069', ' VCA0070', ' VCA0071', ' VCA0072', ' VCA0073', ' VCA0074', ' VCA0075']","AAAATAATGGAGTAAATTCACGCCAA, AACGATAATGAGATCAATTATCATTT, AAAACAATTCCAA"
Fur,CTTAATGAGAATAAGTATC,"['VCA0227', ' VCA0226', ' VCA0228', ' VCA0229', ' VCA0230', ' VCA0231', ' VCA0232', ' VCA0233', ' VCA0234', ' VCA0235', ' VCA0236', ' VCA0237']",TGATAATCATTCTCATT
Fur,ACAAATGATAGCAATTATC,"['VCA0576', ' VCA0575', ' VCA0574', ' VCA0577', ' VCA0578', ' VCA0579', ' VCA0580', ' VCA0581', ' VCA0582', ' VCA0583', ' VCA0584', ' VCA0585', ' VCA0586', ' VCA0587', ' VCA0588', ' VCA0589', ' VCA0590', ' VCA0591']","AATGATAGTAATTATCATTTAGATC, CCATAATAGGCAACAACAACGGGCGG, TCTGTTATTGTGATTAAAGTCACATT, CTGATAACTAAAGACTAG, AAGGTATTGAAGCC"
Fur,ATCATTAGCGTCAATTTAT,"['VCA0907', ' VCA0909', ' VCA0908', ' VCA0910', ' VCA0911', ' VCA0912', ' VCA0913', ' VCA0914', ' hmuV  (VCA0915)', ' VCA0916', ' VCA0917', ' VCA0918']",TAAGATCAATTATCAATTGCATTATC
Fur,CTTAATAATAGCAATTATC,"['VCA0907', ' VCA0909', ' VCA0908', ' VCA0910', ' VCA0911', ' VCA0912', ' VCA0913', ' VCA0914', ' hmuV  (VCA0915)', ' VCA0916', ' VCA0917', ' VCA0918']",TAAGATCAATTATCAATTGCATTATC
Fur,GAGAATAAATATCAATTAG,"['VCA1041', ' VCA1040', ' VCA1039', ' VCA1038', ' VCA1037', ' VCA1042', ' VCA1043']",AGCGATTGCCTTCACGTAAATGATAG
RpoN,TGGCATTCTTTATGC,"['VCA0554', ' VCA0553', ' VCA0555']","CATGCCGCTATATTGCATTTCATTCC, CCTTGATGCTGCTCATCAAAATACGG, CCTCTGATTATATTGGGTT"
RpoN,CGGCATGCTTTCTGC,"['VCA0925', ' VCA0924', ' VCA0926']","TTGCTCTAGAATCCTGTCGCCTAAGC, AAACGATTGCCTTTTTT"
RpoN,TGGCATCTTCTTTGC,"['VCA0144', ' VCA0143', ' VCA0145']",GCAATGAGCAAAAAATTGCCGAT
RpoN,AGGCACAATATTTGC,"['VCA0524', ' VCA0523', ' VCA0525']",ACTTTTGAGAGTTTGGTATGAAATA
RpoN,TGGCATATAGCTTGC,"['VCA0545', ' VCA0546']","CATGACAGAATCATGACTTTTATGAA, TCTCCTCTCTTTCCACTCCATCCTA, TTTCGATTATGCTTAAAG"
RpoN,TGGCCTGTAATTTGC,"['VCA0734', ' VCA0733', ' VCA0732']",TTCATTTTCCATTCATTTT
RpoN,TGGCACGCACTATGC,"['VCA1016', ' VCA1017', ' VCA1018']","ATTAGCCATTTTCGGAACTCAA, AACAACGTCGGCTAAAGGGAATTGGC"
RpoN,CGGAATAAAATTTGC,"['VCA1074', ' VCA1075', ' VCA1076']",GGAACGATGATCAAGA
VpsR,TTCTTAATATTGAGAAGG,['VCA0952'],ATTCTCATTTTTGAGAATG
